ID,Boundary,tandemplus_MOTIF07_AND_MOTIF10,convergent_MOTIF03_AND_MOTIF03,convergent_MOTIF00_AND_MOTIF00,tandemminus_MOTIF07_AND_MOTIF09,tandemminus_MOTIF06_AND_MOTIF07,tandemplus_MOTIF07_AND_MOTIF08,divergent_MOTIF06_AND_MOTIF11,convergent_MOTIF08_AND_MOTIF09,tandemplus_MOTIF04_AND_MOTIF10,tandemplus_MOTIF00_AND_MOTIF09,convergent_MOTIF02_AND_MOTIF10,tandemplus_MOTIF00_AND_MOTIF10,divergent_MOTIF00_AND_MOTIF03,convergent_MOTIF04_AND_MOTIF05,convergent_MOTIF00_AND_MOTIF01,tandemplus_MOTIF06_AND_MOTIF08,tandemminus_MOTIF03_AND_MOTIF07,tandemminus_MOTIF04_AND_MOTIF05,divergent_MOTIF09_AND_MOTIF11,tandemplus_MOTIF08_AND_MOTIF11,tandemplus_MOTIF08_AND_MOTIF10,convergent_MOTIF04_AND_MOTIF10,tandemminus_MOTIF06_AND_MOTIF08,divergent_MOTIF04_AND_MOTIF06,tandemplus_MOTIF05_AND_MOTIF05,tandemminus_MOTIF00_AND_MOTIF10,tandemplus_MOTIF04_AND_MOTIF06,divergent_MOTIF03_AND_MOTIF06,divergent_MOTIF04_AND_MOTIF09,divergent_MOTIF03_AND_MOTIF10,tandemplus_MOTIF02_AND_MOTIF08,divergent_MOTIF00_AND_MOTIF01,tandemminus_MOTIF04_AND_MOTIF09,tandemminus_MOTIF02_AND_MOTIF03,convergent_MOTIF00_AND_MOTIF10,tandemplus_MOTIF04_AND_MOTIF08,divergent_MOTIF01_AND_MOTIF10,tandemplus_MOTIF09_AND_MOTIF10,convergent_MOTIF02_AND_MOTIF09,tandemminus_MOTIF04_AND_MOTIF06,convergent_MOTIF02_AND_MOTIF11,tandemplus_MOTIF03_AND_MOTIF10,tandemminus_MOTIF02_AND_MOTIF10,divergent_MOTIF00_AND_MOTIF11,tandemplus_MOTIF01_AND_MOTIF07,divergent_MOTIF04_AND_MOTIF05,divergent_MOTIF02_AND_MOTIF11,tandemminus_MOTIF00_AND_MOTIF05,tandemminus_MOTIF04_AND_MOTIF07,convergent_MOTIF07_AND_MOTIF11,tandemminus_MOTIF05_AND_MOTIF10,tandemminus_MOTIF02_AND_MOTIF06,divergent_MOTIF00_AND_MOTIF04,tandemplus_MOTIF08_AND_MOTIF08,convergent_MOTIF11_AND_MOTIF11,tandemplus_MOTIF01_AND_MOTIF01,tandemplus_MOTIF11_AND_MOTIF11,convergent_MOTIF10_AND_MOTIF11,convergent_MOTIF01_AND_MOTIF10,tandemminus_MOTIF09_AND_MOTIF11
ins_TADB_0095,0,1.0,0.0,0.0,3.0,1.0,0.0,2.0,0.0,0.0,0.0,2.0,2.0,1.0,0.0,1.0,0.0,0.0,0.0,1.0,1.0,1.0,2.0,0.0,1.0,2.0,1.0,0.0,1.0,0.0,2.0,0.0,0.0,1.0,0.0,2.0,0.0,1.0,2.0,0.0,0.0,1.0,0.0,1.0,0.0,0.0,0.0,1.0,2.0,0.0,2.0,2.0,1.0,0.0,0.0,0.0,0.0,1.0,1.0,0.0,0.0
ins_TADA_0054,1,1.0,2.0,1.0,4.0,2.0,0.0,3.0,3.0,2.0,2.0,0.0,1.0,1.0,0.0,0.0,1.0,1.0,0.0,1.0,0.0,0.0,0.0,0.0,2.0,1.0,1.0,0.0,0.0,1.0,1.0,0.0,0.0,0.0,0.0,0.0,0.0,1.0,1.0,0.0,0.0,2.0,0.0,0.0,0.0,1.0,1.0,2.0,0.0,1.0,0.0,1.0,1.0,1.0,0.0,0.0,0.0,0.0,1.0,0.0,0.0
ins_TADB_0059,1,2.0,2.0,2.0,1.0,6.0,0.0,3.0,1.0,3.0,1.0,4.0,2.0,1.0,0.0,0.0,0.0,1.0,1.0,1.0,1.0,0.0,0.0,0.0,1.0,0.0,0.0,1.0,1.0,0.0,0.0,1.0,0.0,1.0,3.0,1.0,0.0,1.0,0.0,2.0,0.0,0.0,0.0,1.0,1.0,2.0,2.0,1.0,0.0,0.0,1.0,0.0,2.0,1.0,0.0,1.0,0.0,1.0,0.0,0.0,0.0
ins_TADB_0117,0,0.0,0.0,0.0,1.0,1.0,0.0,0.0,0.0,0.0,0.0,0.0,0.0,1.0,0.0,0.0,1.0,0.0,0.0,0.0,0.0,0.0,1.0,1.0,0.0,0.0,0.0,0.0,0.0,2.0,0.0,0.0,1.0,0.0,1.0,1.0,0.0,0.0,0.0,0.0,1.0,0.0,0.0,1.0,1.0,0.0,0.0,1.0,0.0,0.0,0.0,0.0,0.0,1.0,2.0,0.0,0.0,0.0,0.0,1.0,1.0
ins_TADB_0077,0,0.0,2.0,0.0,2.0,0.0,1.0,1.0,1.0,1.0,0.0,1.0,0.0,0.0,2.0,0.0,1.0,1.0,0.0,0.0,0.0,3.0,0.0,1.0,1.0,1.0,1.0,1.0,0.0,0.0,0.0,0.0,1.0,0.0,1.0,0.0,0.0,0.0,0.0,1.0,0.0,0.0,0.0,1.0,1.0,0.0,0.0,0.0,0.0,0.0,0.0,1.0,0.0,0.0,0.0,1.0,0.0,1.0,2.0,0.0,1.0
ins_TADA_0046,1,3.0,0.0,1.0,4.0,4.0,4.0,0.0,3.0,2.0,4.0,2.0,0.0,0.0,1.0,0.0,0.0,0.0,0.0,2.0,1.0,1.0,0.0,2.0,0.0,0.0,0.0,1.0,1.0,0.0,2.0,1.0,0.0,1.0,1.0,0.0,1.0,1.0,1.0,0.0,1.0,2.0,1.0,0.0,0.0,0.0,0.0,2.0,0.0,2.0,1.0,0.0,0.0,0.0,0.0,5.0,1.0,2.0,0.0,1.0,0.0
ins_TADB_0031,1,0.0,4.0,4.0,2.0,3.0,2.0,0.0,3.0,2.0,3.0,1.0,2.0,0.0,0.0,0.0,0.0,2.0,0.0,1.0,0.0,2.0,1.0,0.0,1.0,0.0,1.0,1.0,2.0,0.0,1.0,0.0,2.0,2.0,1.0,1.0,0.0,0.0,1.0,1.0,0.0,0.0,2.0,1.0,0.0,0.0,2.0,1.0,0.0,0.0,1.0,0.0,0.0,1.0,2.0,0.0,0.0,0.0,0.0,0.0,1.0
ins_TADB_0081,0,0.0,0.0,2.0,1.0,0.0,0.0,0.0,1.0,2.0,0.0,1.0,0.0,1.0,2.0,1.0,0.0,0.0,1.0,0.0,2.0,2.0,0.0,0.0,1.0,0.0,1.0,0.0,0.0,1.0,0.0,0.0,1.0,1.0,0.0,0.0,0.0,0.0,1.0,1.0,0.0,0.0,1.0,0.0,0.0,0.0,0.0,0.0,0.0,0.0,1.0,0.0,0.0,0.0,0.0,2.0,0.0,0.0,1.0,0.0,0.0
ins_TADA_0048,1,0.0,3.0,1.0,0.0,4.0,3.0,3.0,3.0,2.0,2.0,1.0,4.0,0.0,0.0,0.0,0.0,0.0,0.0,2.0,1.0,0.0,1.0,1.0,1.0,0.0,0.0,1.0,0.0,0.0,0.0,1.0,1.0,0.0,0.0,2.0,1.0,1.0,1.0,1.0,0.0,0.0,1.0,0.0,2.0,0.0,0.0,0.0,0.0,2.0,1.0,1.0,0.0,0.0,0.0,1.0,0.0,0.0,3.0,0.0,0.0
ins_TADA_0098,0,0.0,0.0,1.0,2.0,1.0,2.0,1.0,2.0,0.0,1.0,0.0,1.0,0.0,1.0,0.0,0.0,0.0,0.0,0.0,0.0,1.0,1.0,2.0,1.0,2.0,0.0,1.0,0.0,1.0,0.0,0.0,0.0,1.0,0.0,0.0,1.0,0.0,1.0,0.0,0.0,0.0,0.0,0.0,1.0,0.0,2.0,0.0,1.0,1.0,0.0,0.0,1.0,0.0,0.0,2.0,1.0,1.0,0.0,0.0,0.0
ins_TADB_0097,0,0.0,0.0,0.0,1.0,0.0,0.0,0.0,0.0,0.0,1.0,0.0,1.0,0.0,0.0,1.0,0.0,1.0,1.0,0.0,2.0,0.0,1.0,0.0,1.0,0.0,0.0,1.0,0.0,0.0,1.0,1.0,0.0,1.0,0.0,0.0,1.0,0.0,1.0,0.0,2.0,1.0,1.0,3.0,2.0,0.0,1.0,1.0,0.0,1.0,0.0,0.0,0.0,0.0,0.0,0.0,1.0,1.0,2.0,0.0,0.0
ins_TADB_0099,0,1.0,2.0,1.0,0.0,0.0,1.0,0.0,2.0,1.0,0.0,0.0,0.0,2.0,1.0,0.0,0.0,1.0,0.0,0.0,2.0,1.0,0.0,0.0,0.0,1.0,0.0,0.0,1.0,0.0,0.0,0.0,0.0,2.0,2.0,5.0,0.0,1.0,1.0,1.0,2.0,0.0,1.0,1.0,0.0,1.0,2.0,0.0,0.0,0.0,0.0,1.0,2.0,2.0,0.0,0.0,0.0,2.0,0.0,0.0,2.0
ins_TADA_0002,1,1.0,0.0,0.0,5.0,1.0,2.0,4.0,1.0,2.0,3.0,3.0,3.0,0.0,0.0,1.0,0.0,0.0,1.0,0.0,1.0,0.0,1.0,1.0,0.0,1.0,0.0,1.0,0.0,0.0,0.0,2.0,0.0,0.0,0.0,1.0,1.0,0.0,0.0,0.0,0.0,2.0,0.0,1.0,0.0,2.0,0.0,1.0,0.0,0.0,0.0,0.0,0.0,0.0,1.0,0.0,0.0,0.0,1.0,1.0,0.0
ins_TADA_0092,0,1.0,0.0,2.0,1.0,0.0,0.0,1.0,0.0,0.0,2.0,1.0,0.0,1.0,0.0,1.0,0.0,0.0,0.0,0.0,0.0,0.0,0.0,0.0,0.0,0.0,1.0,0.0,1.0,1.0,0.0,0.0,0.0,1.0,1.0,0.0,1.0,0.0,2.0,1.0,0.0,0.0,0.0,0.0,0.0,0.0,0.0,0.0,0.0,1.0,0.0,1.0,2.0,2.0,1.0,1.0,0.0,0.0,2.0,2.0,2.0
ins_TADB_0113,0,0.0,0.0,1.0,1.0,0.0,0.0,0.0,1.0,0.0,0.0,1.0,0.0,3.0,1.0,0.0,0.0,0.0,0.0,0.0,1.0,2.0,0.0,0.0,1.0,0.0,0.0,2.0,2.0,0.0,0.0,1.0,1.0,2.0,0.0,1.0,0.0,1.0,1.0,0.0,1.0,0.0,1.0,0.0,0.0,0.0,0.0,0.0,0.0,0.0,0.0,0.0,0.0,1.0,0.0,1.0,0.0,0.0,0.0,0.0,1.0
ins_TADA_0056,1,4.0,4.0,1.0,2.0,0.0,5.0,1.0,3.0,3.0,1.0,1.0,2.0,0.0,0.0,3.0,0.0,1.0,1.0,0.0,2.0,0.0,0.0,1.0,1.0,0.0,1.0,0.0,1.0,1.0,0.0,0.0,0.0,0.0,0.0,0.0,1.0,0.0,0.0,1.0,0.0,0.0,0.0,0.0,0.0,1.0,0.0,0.0,0.0,0.0,0.0,0.0,1.0,1.0,0.0,0.0,0.0,0.0,1.0,0.0,0.0
ins_TADA_0106,0,1.0,0.0,1.0,1.0,0.0,1.0,0.0,0.0,1.0,0.0,1.0,0.0,1.0,0.0,0.0,1.0,1.0,0.0,0.0,0.0,0.0,0.0,0.0,0.0,1.0,1.0,1.0,2.0,1.0,0.0,0.0,0.0,0.0,0.0,0.0,0.0,0.0,0.0,0.0,0.0,0.0,0.0,1.0,1.0,1.0,1.0,0.0,0.0,0.0,0.0,1.0,0.0,0.0,0.0,1.0,0.0,1.0,0.0,2.0,0.0
ins_TADB_0103,0,0.0,0.0,0.0,1.0,0.0,2.0,0.0,1.0,1.0,1.0,2.0,0.0,0.0,0.0,0.0,0.0,0.0,1.0,1.0,1.0,0.0,0.0,1.0,0.0,0.0,1.0,0.0,0.0,0.0,2.0,0.0,2.0,2.0,1.0,0.0,0.0,0.0,0.0,0.0,1.0,1.0,0.0,0.0,0.0,0.0,0.0,0.0,2.0,1.0,0.0,0.0,0.0,0.0,0.0,1.0,1.0,1.0,1.0,2.0,0.0
ins_TADB_0067,0,0.0,1.0,0.0,0.0,0.0,0.0,0.0,1.0,0.0,2.0,3.0,0.0,2.0,1.0,0.0,1.0,2.0,1.0,1.0,0.0,0.0,0.0,0.0,0.0,1.0,1.0,1.0,1.0,0.0,1.0,1.0,0.0,1.0,0.0,0.0,1.0,1.0,0.0,0.0,2.0,0.0,0.0,0.0,0.0,2.0,1.0,1.0,0.0,0.0,1.0,0.0,1.0,0.0,0.0,1.0,2.0,0.0,0.0,0.0,1.0
ins_TADA_0062,0,0.0,0.0,0.0,0.0,1.0,0.0,1.0,0.0,0.0,0.0,0.0,0.0,0.0,1.0,1.0,0.0,0.0,0.0,0.0,1.0,0.0,0.0,0.0,0.0,0.0,1.0,1.0,2.0,1.0,0.0,0.0,0.0,0.0,0.0,0.0,0.0,2.0,1.0,0.0,1.0,0.0,2.0,0.0,1.0,0.0,0.0,0.0,0.0,1.0,1.0,0.0,0.0,0.0,0.0,0.0,0.0,0.0,0.0,0.0,0.0
ins_TADA_0112,0,1.0,1.0,0.0,1.0,0.0,0.0,0.0,0.0,0.0,0.0,0.0,0.0,0.0,0.0,0.0,0.0,0.0,2.0,1.0,0.0,1.0,0.0,0.0,1.0,0.0,0.0,0.0,1.0,2.0,0.0,1.0,0.0,0.0,0.0,0.0,0.0,1.0,1.0,0.0,0.0,1.0,1.0,1.0,1.0,0.0,1.0,0.0,1.0,0.0,1.0,0.0,1.0,0.0,0.0,0.0,1.0,0.0,0.0,0.0,0.0
ins_TADB_0017,1,1.0,4.0,2.0,2.0,1.0,3.0,1.0,1.0,3.0,1.0,1.0,1.0,3.0,0.0,0.0,1.0,0.0,1.0,2.0,1.0,0.0,1.0,0.0,0.0,0.0,0.0,0.0,0.0,0.0,0.0,1.0,0.0,0.0,1.0,1.0,0.0,1.0,0.0,1.0,1.0,0.0,0.0,0.0,1.0,0.0,0.0,0.0,0.0,1.0,2.0,0.0,1.0,0.0,1.0,1.0,1.0,0.0,1.0,1.0,0.0
ins_TADB_0083,0,1.0,1.0,1.0,0.0,0.0,0.0,0.0,1.0,1.0,0.0,2.0,1.0,1.0,0.0,0.0,0.0,0.0,1.0,0.0,0.0,2.0,2.0,1.0,0.0,1.0,0.0,1.0,0.0,0.0,0.0,0.0,0.0,1.0,1.0,0.0,0.0,0.0,2.0,0.0,0.0,1.0,0.0,0.0,0.0,1.0,1.0,0.0,3.0,0.0,1.0,0.0,1.0,0.0,0.0,0.0,0.0,1.0,4.0,1.0,1.0
ins_TADA_0108,0,0.0,1.0,0.0,0.0,0.0,2.0,0.0,0.0,1.0,1.0,0.0,0.0,0.0,0.0,0.0,1.0,0.0,0.0,0.0,1.0,0.0,0.0,0.0,0.0,1.0,0.0,0.0,2.0,2.0,0.0,1.0,0.0,1.0,0.0,1.0,0.0,0.0,0.0,0.0,1.0,1.0,0.0,0.0,1.0,1.0,0.0,0.0,0.0,1.0,1.0,0.0,0.0,0.0,0.0,0.0,0.0,0.0,0.0,0.0,2.0
ins_TADB_0073,0,1.0,0.0,1.0,0.0,0.0,0.0,1.0,0.0,0.0,2.0,0.0,1.0,0.0,0.0,0.0,1.0,0.0,0.0,1.0,2.0,1.0,1.0,1.0,1.0,0.0,0.0,0.0,2.0,0.0,0.0,0.0,1.0,0.0,0.0,1.0,1.0,2.0,0.0,1.0,2.0,0.0,0.0,1.0,1.0,2.0,0.0,1.0,1.0,0.0,0.0,0.0,1.0,0.0,0.0,3.0,0.0,0.0,1.0,0.0,1.0
ins_TADA_0096,0,0.0,0.0,0.0,1.0,0.0,2.0,1.0,0.0,0.0,0.0,0.0,1.0,1.0,0.0,0.0,1.0,0.0,1.0,0.0,0.0,2.0,0.0,0.0,1.0,1.0,2.0,0.0,0.0,0.0,0.0,1.0,0.0,0.0,1.0,0.0,0.0,1.0,0.0,1.0,0.0,0.0,0.0,0.0,1.0,0.0,0.0,0.0,0.0,0.0,0.0,0.0,0.0,0.0,0.0,1.0,0.0,1.0,2.0,0.0,0.0
ins_TADB_0035,1,3.0,1.0,3.0,2.0,1.0,2.0,1.0,2.0,2.0,2.0,4.0,2.0,0.0,0.0,0.0,0.0,2.0,1.0,0.0,1.0,1.0,1.0,0.0,1.0,1.0,0.0,0.0,0.0,0.0,1.0,1.0,0.0,1.0,1.0,1.0,0.0,1.0,0.0,0.0,0.0,0.0,0.0,1.0,1.0,1.0,0.0,1.0,0.0,0.0,0.0,0.0,0.0,2.0,1.0,0.0,0.0,0.0,0.0,0.0,1.0
ins_TADA_0044,1,2.0,0.0,1.0,2.0,0.0,1.0,1.0,0.0,2.0,0.0,0.0,2.0,0.0,1.0,0.0,0.0,3.0,0.0,0.0,0.0,0.0,2.0,0.0,0.0,0.0,0.0,0.0,1.0,0.0,0.0,0.0,1.0,0.0,0.0,0.0,1.0,2.0,0.0,1.0,0.0,1.0,0.0,0.0,1.0,0.0,1.0,0.0,2.0,0.0,0.0,1.0,0.0,0.0,0.0,1.0,0.0,0.0,0.0,0.0,0.0
ins_TADB_0091,0,0.0,1.0,1.0,0.0,0.0,0.0,0.0,2.0,0.0,0.0,1.0,2.0,2.0,1.0,0.0,0.0,1.0,0.0,3.0,0.0,0.0,0.0,0.0,0.0,1.0,1.0,0.0,1.0,1.0,1.0,1.0,0.0,0.0,1.0,0.0,0.0,1.0,1.0,1.0,0.0,0.0,0.0,1.0,0.0,1.0,0.0,1.0,0.0,0.0,0.0,0.0,0.0,0.0,1.0,1.0,2.0,0.0,2.0,0.0,0.0
ins_TADA_0114,0,1.0,1.0,0.0,0.0,1.0,1.0,0.0,0.0,0.0,0.0,1.0,1.0,0.0,0.0,1.0,1.0,1.0,1.0,0.0,1.0,1.0,0.0,2.0,0.0,1.0,0.0,0.0,1.0,2.0,0.0,2.0,1.0,1.0,0.0,0.0,1.0,1.0,0.0,0.0,1.0,1.0,2.0,1.0,0.0,1.0,0.0,1.0,0.0,2.0,0.0,1.0,1.0,0.0,0.0,1.0,0.0,1.0,0.0,2.0,0.0
ins_TADB_0033,1,1.0,2.0,3.0,3.0,2.0,1.0,2.0,5.0,1.0,2.0,3.0,1.0,1.0,1.0,0.0,0.0,1.0,0.0,0.0,1.0,0.0,1.0,0.0,0.0,0.0,2.0,0.0,0.0,1.0,1.0,1.0,0.0,0.0,0.0,0.0,0.0,0.0,1.0,0.0,0.0,0.0,0.0,0.0,1.0,0.0,0.0,0.0,0.0,2.0,0.0,0.0,1.0,0.0,0.0,2.0,0.0,1.0,0.0,0.0,0.0
ins_TADA_0042,1,4.0,3.0,4.0,1.0,2.0,1.0,5.0,4.0,1.0,1.0,1.0,2.0,1.0,2.0,1.0,0.0,0.0,0.0,0.0,2.0,0.0,0.0,0.0,0.0,0.0,0.0,0.0,0.0,0.0,0.0,0.0,0.0,3.0,1.0,0.0,0.0,0.0,1.0,0.0,0.0,0.0,1.0,0.0,0.0,2.0,0.0,1.0,0.0,1.0,0.0,0.0,1.0,2.0,0.0,1.0,2.0,0.0,1.0,1.0,0.0
ins_TADA_0058,1,3.0,5.0,1.0,0.0,2.0,1.0,2.0,4.0,2.0,1.0,4.0,5.0,1.0,1.0,0.0,2.0,0.0,0.0,0.0,1.0,0.0,0.0,0.0,0.0,0.0,0.0,1.0,0.0,1.0,1.0,1.0,0.0,0.0,2.0,0.0,0.0,0.0,2.0,1.0,1.0,2.0,0.0,1.0,1.0,0.0,0.0,1.0,0.0,1.0,0.0,1.0,0.0,0.0,0.0,1.0,0.0,2.0,0.0,1.0,0.0
ins_TADA_0066,0,1.0,0.0,1.0,1.0,0.0,2.0,1.0,0.0,0.0,0.0,0.0,1.0,1.0,1.0,1.0,0.0,0.0,1.0,2.0,1.0,0.0,0.0,0.0,1.0,0.0,1.0,0.0,0.0,1.0,1.0,1.0,0.0,0.0,0.0,1.0,0.0,0.0,0.0,1.0,0.0,0.0,0.0,0.0,0.0,0.0,0.0,1.0,0.0,0.0,0.0,0.0,0.0,1.0,0.0,0.0,0.0,1.0,1.0,0.0,0.0
ins_TADA_0010,1,0.0,1.0,2.0,1.0,4.0,2.0,1.0,1.0,1.0,1.0,3.0,1.0,0.0,0.0,0.0,1.0,0.0,0.0,0.0,0.0,0.0,1.0,0.0,0.0,0.0,0.0,1.0,1.0,0.0,0.0,0.0,0.0,0.0,1.0,1.0,1.0,1.0,0.0,1.0,3.0,1.0,0.0,2.0,1.0,1.0,0.0,1.0,0.0,0.0,1.0,0.0,0.0,1.0,1.0,1.0,1.0,0.0,0.0,1.0,0.0
ins_TADB_0053,1,1.0,3.0,1.0,2.0,5.0,3.0,2.0,2.0,2.0,0.0,2.0,2.0,0.0,0.0,0.0,0.0,0.0,0.0,1.0,2.0,0.0,0.0,0.0,0.0,1.0,1.0,2.0,0.0,0.0,0.0,1.0,0.0,0.0,0.0,0.0,1.0,0.0,0.0,1.0,2.0,2.0,1.0,0.0,0.0,5.0,1.0,0.0,0.0,0.0,0.0,0.0,0.0,0.0,1.0,0.0,0.0,1.0,0.0,1.0,0.0
ins_TADA_0032,1,2.0,4.0,1.0,1.0,5.0,3.0,1.0,0.0,0.0,3.0,3.0,1.0,0.0,2.0,0.0,1.0,0.0,0.0,0.0,0.0,0.0,0.0,0.0,1.0,0.0,2.0,0.0,1.0,1.0,1.0,0.0,0.0,0.0,1.0,0.0,0.0,1.0,0.0,0.0,1.0,0.0,1.0,0.0,0.0,0.0,0.0,0.0,1.0,1.0,0.0,0.0,1.0,0.0,0.0,1.0,0.0,1.0,0.0,3.0,0.0
ins_TADA_0080,0,1.0,0.0,0.0,1.0,0.0,0.0,0.0,0.0,0.0,0.0,0.0,0.0,0.0,0.0,0.0,0.0,0.0,2.0,1.0,0.0,0.0,0.0,0.0,1.0,2.0,0.0,4.0,1.0,0.0,1.0,0.0,0.0,0.0,2.0,1.0,0.0,1.0,1.0,2.0,0.0,1.0,2.0,2.0,1.0,0.0,1.0,1.0,1.0,0.0,0.0,0.0,0.0,0.0,0.0,0.0,0.0,0.0,2.0,0.0,0.0
ins_TADA_0038,1,3.0,3.0,4.0,5.0,4.0,2.0,2.0,1.0,2.0,1.0,2.0,2.0,1.0,1.0,0.0,0.0,0.0,1.0,1.0,0.0,2.0,1.0,0.0,0.0,0.0,0.0,1.0,0.0,1.0,0.0,0.0,0.0,1.0,0.0,0.0,0.0,0.0,0.0,2.0,0.0,0.0,0.0,0.0,0.0,0.0,2.0,0.0,1.0,2.0,1.0,1.0,0.0,0.0,0.0,1.0,1.0,0.0,1.0,1.0,1.0
ins_TADB_0019,1,0.0,1.0,5.0,1.0,3.0,5.0,1.0,0.0,1.0,1.0,1.0,4.0,0.0,0.0,0.0,0.0,1.0,0.0,0.0,2.0,1.0,1.0,0.0,1.0,0.0,0.0,0.0,0.0,1.0,2.0,0.0,0.0,0.0,0.0,0.0,0.0,0.0,0.0,1.0,1.0,0.0,1.0,0.0,0.0,0.0,0.0,1.0,0.0,1.0,1.0,0.0,0.0,0.0,1.0,0.0,0.0,0.0,0.0,0.0,0.0
ins_TADB_0119,0,1.0,1.0,2.0,1.0,0.0,1.0,0.0,0.0,1.0,0.0,0.0,0.0,0.0,0.0,0.0,0.0,0.0,0.0,0.0,0.0,0.0,1.0,1.0,1.0,1.0,1.0,0.0,1.0,2.0,1.0,1.0,0.0,1.0,0.0,0.0,1.0,0.0,1.0,0.0,1.0,0.0,0.0,0.0,0.0,0.0,1.0,0.0,1.0,0.0,0.0,0.0,2.0,1.0,0.0,0.0,0.0,0.0,0.0,0.0,0.0
ins_TADB_0027,1,4.0,1.0,3.0,1.0,2.0,3.0,2.0,2.0,2.0,1.0,4.0,5.0,0.0,0.0,0.0,0.0,0.0,0.0,0.0,0.0,0.0,1.0,0.0,2.0,0.0,0.0,0.0,0.0,0.0,0.0,0.0,0.0,0.0,1.0,0.0,0.0,0.0,1.0,1.0,0.0,0.0,1.0,0.0,0.0,1.0,0.0,0.0,0.0,1.0,0.0,0.0,0.0,0.0,1.0,1.0,0.0,0.0,1.0,0.0,1.0
ins_TADA_0036,1,2.0,2.0,2.0,2.0,3.0,1.0,4.0,4.0,2.0,3.0,2.0,2.0,0.0,0.0,0.0,0.0,0.0,0.0,0.0,0.0,0.0,1.0,0.0,0.0,1.0,0.0,0.0,0.0,1.0,1.0,0.0,0.0,5.0,0.0,0.0,0.0,0.0,2.0,0.0,0.0,1.0,0.0,0.0,0.0,0.0,2.0,0.0,0.0,1.0,3.0,0.0,3.0,0.0,0.0,0.0,0.0,0.0,2.0,0.0,1.0
ins_TADB_0111,0,0.0,0.0,0.0,2.0,1.0,0.0,0.0,0.0,0.0,1.0,0.0,1.0,1.0,2.0,1.0,0.0,0.0,0.0,0.0,0.0,0.0,2.0,0.0,0.0,2.0,0.0,1.0,0.0,0.0,1.0,0.0,1.0,0.0,0.0,0.0,1.0,0.0,2.0,2.0,0.0,1.0,2.0,0.0,1.0,0.0,0.0,0.0,0.0,0.0,0.0,0.0,1.0,0.0,0.0,0.0,0.0,1.0,1.0,0.0,0.0
ins_TADB_0039,1,1.0,4.0,0.0,1.0,1.0,4.0,2.0,3.0,2.0,1.0,5.0,2.0,1.0,1.0,0.0,0.0,0.0,0.0,0.0,1.0,0.0,0.0,0.0,0.0,0.0,0.0,1.0,1.0,0.0,0.0,2.0,1.0,1.0,0.0,0.0,0.0,2.0,0.0,0.0,0.0,0.0,0.0,1.0,0.0,1.0,2.0,0.0,0.0,0.0,0.0,0.0,0.0,0.0,1.0,0.0,1.0,1.0,0.0,0.0,1.0
ins_TADB_0069,0,0.0,0.0,1.0,1.0,0.0,1.0,0.0,1.0,0.0,0.0,0.0,0.0,0.0,0.0,0.0,1.0,0.0,1.0,0.0,0.0,1.0,0.0,0.0,0.0,1.0,0.0,1.0,1.0,0.0,1.0,0.0,0.0,0.0,0.0,0.0,0.0,0.0,0.0,0.0,0.0,1.0,0.0,1.0,1.0,0.0,0.0,2.0,1.0,1.0,0.0,0.0,0.0,0.0,1.0,0.0,0.0,0.0,0.0,0.0,0.0
ins_TADB_0089,0,0.0,0.0,1.0,1.0,0.0,0.0,0.0,0.0,0.0,0.0,0.0,1.0,0.0,0.0,2.0,1.0,1.0,1.0,1.0,1.0,0.0,0.0,0.0,0.0,0.0,0.0,0.0,0.0,0.0,1.0,0.0,0.0,0.0,1.0,0.0,0.0,0.0,2.0,1.0,1.0,0.0,1.0,0.0,0.0,0.0,1.0,0.0,0.0,0.0,0.0,0.0,0.0,0.0,1.0,0.0,0.0,0.0,0.0,2.0,1.0
ins_TADB_0085,0,1.0,0.0,0.0,0.0,2.0,0.0,0.0,0.0,0.0,0.0,0.0,1.0,1.0,1.0,0.0,0.0,2.0,0.0,0.0,1.0,0.0,1.0,0.0,0.0,0.0,1.0,0.0,0.0,0.0,0.0,0.0,0.0,0.0,0.0,0.0,0.0,2.0,0.0,1.0,1.0,0.0,0.0,0.0,1.0,1.0,1.0,1.0,0.0,2.0,3.0,0.0,0.0,2.0,1.0,0.0,0.0,1.0,0.0,0.0,0.0
ins_TADA_0040,1,0.0,3.0,0.0,3.0,1.0,2.0,1.0,1.0,2.0,3.0,2.0,2.0,0.0,0.0,0.0,0.0,0.0,0.0,0.0,0.0,0.0,0.0,0.0,1.0,0.0,0.0,0.0,0.0,0.0,1.0,0.0,0.0,0.0,0.0,0.0,0.0,1.0,1.0,0.0,0.0,1.0,1.0,1.0,0.0,1.0,1.0,0.0,0.0,0.0,0.0,0.0,0.0,0.0,1.0,1.0,1.0,1.0,0.0,0.0,1.0
ins_TADB_0055,1,2.0,4.0,6.0,2.0,3.0,3.0,2.0,2.0,2.0,2.0,3.0,2.0,0.0,0.0,0.0,1.0,0.0,0.0,0.0,0.0,0.0,1.0,2.0,1.0,2.0,1.0,0.0,0.0,0.0,0.0,0.0,1.0,0.0,1.0,1.0,0.0,1.0,0.0,1.0,1.0,0.0,0.0,0.0,2.0,0.0,0.0,0.0,0.0,0.0,0.0,0.0,0.0,1.0,0.0,1.0,1.0,0.0,0.0,1.0,0.0
ins_TADB_0065,0,1.0,0.0,0.0,1.0,0.0,0.0,0.0,1.0,0.0,0.0,0.0,0.0,1.0,0.0,2.0,2.0,0.0,1.0,0.0,1.0,0.0,0.0,0.0,0.0,0.0,0.0,1.0,1.0,0.0,0.0,0.0,1.0,4.0,1.0,0.0,1.0,0.0,0.0,0.0,0.0,0.0,1.0,0.0,0.0,0.0,0.0,0.0,1.0,0.0,0.0,1.0,0.0,0.0,1.0,0.0,0.0,0.0,1.0,1.0,0.0
ins_TADA_0088,0,1.0,0.0,1.0,0.0,0.0,1.0,0.0,0.0,0.0,0.0,2.0,0.0,0.0,1.0,1.0,0.0,1.0,1.0,1.0,1.0,0.0,1.0,0.0,1.0,1.0,0.0,0.0,1.0,0.0,1.0,1.0,0.0,0.0,0.0,0.0,1.0,0.0,0.0,1.0,0.0,1.0,1.0,1.0,1.0,0.0,0.0,0.0,0.0,0.0,0.0,0.0,0.0,0.0,0.0,2.0,0.0,0.0,1.0,0.0,0.0
ins_TADB_0023,1,2.0,0.0,4.0,4.0,2.0,3.0,1.0,5.0,3.0,2.0,2.0,1.0,0.0,0.0,1.0,1.0,0.0,0.0,2.0,0.0,0.0,1.0,1.0,1.0,2.0,0.0,0.0,0.0,0.0,1.0,0.0,1.0,0.0,1.0,0.0,0.0,1.0,0.0,0.0,1.0,0.0,1.0,1.0,0.0,2.0,0.0,0.0,0.0,0.0,0.0,0.0,1.0,0.0,0.0,0.0,0.0,0.0,0.0,0.0,0.0
ins_TADA_0034,1,4.0,1.0,2.0,0.0,3.0,2.0,1.0,4.0,1.0,0.0,0.0,2.0,1.0,1.0,0.0,1.0,0.0,0.0,0.0,2.0,0.0,0.0,0.0,1.0,2.0,1.0,2.0,0.0,0.0,0.0,1.0,0.0,0.0,0.0,0.0,0.0,0.0,0.0,2.0,1.0,0.0,0.0,0.0,1.0,1.0,1.0,0.0,0.0,1.0,0.0,1.0,0.0,0.0,0.0,1.0,0.0,0.0,1.0,0.0,0.0
ins_TADA_0078,0,1.0,0.0,1.0,1.0,1.0,1.0,0.0,3.0,0.0,0.0,0.0,1.0,3.0,0.0,0.0,0.0,1.0,0.0,2.0,0.0,2.0,0.0,2.0,0.0,0.0,0.0,0.0,1.0,0.0,0.0,1.0,0.0,1.0,1.0,0.0,0.0,0.0,0.0,0.0,1.0,1.0,1.0,0.0,0.0,1.0,1.0,2.0,1.0,0.0,0.0,0.0,0.0,0.0,1.0,1.0,0.0,0.0,0.0,0.0,2.0
ins_TADB_0105,0,0.0,0.0,0.0,1.0,1.0,2.0,0.0,0.0,0.0,1.0,0.0,1.0,0.0,0.0,1.0,0.0,0.0,0.0,1.0,1.0,1.0,1.0,0.0,1.0,0.0,1.0,0.0,0.0,0.0,2.0,2.0,0.0,1.0,0.0,1.0,1.0,0.0,1.0,1.0,1.0,0.0,1.0,2.0,0.0,0.0,2.0,0.0,0.0,1.0,2.0,0.0,0.0,1.0,0.0,2.0,0.0,2.0,0.0,0.0,1.0
ins_TADA_0004,1,2.0,4.0,3.0,0.0,0.0,0.0,4.0,1.0,4.0,0.0,1.0,1.0,0.0,0.0,0.0,1.0,0.0,0.0,1.0,1.0,2.0,0.0,0.0,0.0,3.0,0.0,1.0,0.0,1.0,1.0,0.0,0.0,0.0,0.0,0.0,0.0,1.0,0.0,1.0,3.0,0.0,0.0,0.0,0.0,0.0,2.0,0.0,0.0,1.0,0.0,1.0,1.0,0.0,0.0,0.0,1.0,1.0,1.0,1.0,0.0
ins_TADA_0082,0,1.0,0.0,2.0,0.0,0.0,0.0,0.0,2.0,0.0,0.0,0.0,3.0,0.0,0.0,0.0,0.0,1.0,1.0,0.0,1.0,0.0,0.0,0.0,0.0,1.0,1.0,0.0,2.0,1.0,1.0,0.0,1.0,0.0,0.0,0.0,0.0,0.0,0.0,1.0,0.0,0.0,0.0,0.0,0.0,1.0,1.0,1.0,1.0,0.0,0.0,0.0,0.0,1.0,1.0,0.0,0.0,0.0,1.0,0.0,0.0
ins_TADB_0015,1,2.0,2.0,6.0,3.0,0.0,2.0,1.0,1.0,1.0,4.0,1.0,1.0,1.0,2.0,0.0,0.0,0.0,0.0,1.0,0.0,0.0,1.0,0.0,0.0,1.0,1.0,2.0,0.0,1.0,0.0,0.0,0.0,1.0,0.0,0.0,1.0,0.0,2.0,1.0,0.0,1.0,0.0,0.0,0.0,2.0,0.0,1.0,1.0,0.0,0.0,0.0,1.0,1.0,1.0,0.0,1.0,1.0,0.0,1.0,0.0
ins_TADA_0102,0,0.0,0.0,0.0,1.0,0.0,0.0,0.0,0.0,0.0,1.0,0.0,1.0,1.0,0.0,0.0,1.0,0.0,2.0,0.0,1.0,0.0,2.0,2.0,0.0,0.0,1.0,2.0,1.0,1.0,0.0,0.0,1.0,0.0,0.0,0.0,0.0,1.0,0.0,1.0,1.0,0.0,0.0,0.0,0.0,0.0,2.0,0.0,0.0,2.0,1.0,2.0,1.0,1.0,0.0,0.0,2.0,0.0,0.0,0.0,0.0
ins_TADB_0041,1,2.0,1.0,1.0,2.0,3.0,1.0,1.0,3.0,1.0,1.0,1.0,0.0,0.0,1.0,0.0,1.0,1.0,0.0,1.0,0.0,1.0,0.0,1.0,1.0,0.0,0.0,1.0,1.0,1.0,0.0,0.0,0.0,1.0,0.0,0.0,0.0,1.0,0.0,0.0,1.0,1.0,0.0,0.0,0.0,3.0,1.0,0.0,1.0,0.0,0.0,0.0,0.0,1.0,1.0,1.0,1.0,1.0,1.0,0.0,1.0
ins_TADB_0051,1,2.0,2.0,2.0,1.0,1.0,2.0,0.0,1.0,3.0,3.0,0.0,3.0,0.0,2.0,0.0,0.0,0.0,1.0,0.0,0.0,0.0,0.0,2.0,0.0,0.0,0.0,2.0,0.0,0.0,0.0,0.0,1.0,1.0,1.0,0.0,0.0,0.0,0.0,0.0,1.0,3.0,2.0,0.0,0.0,1.0,1.0,0.0,0.0,1.0,0.0,0.0,2.0,0.0,1.0,0.0,0.0,1.0,2.0,0.0,1.0
ins_TADB_0045,1,1.0,3.0,2.0,1.0,1.0,3.0,0.0,2.0,2.0,2.0,1.0,3.0,0.0,0.0,0.0,0.0,1.0,1.0,1.0,0.0,2.0,1.0,1.0,1.0,1.0,0.0,0.0,0.0,0.0,0.0,2.0,1.0,1.0,0.0,0.0,2.0,1.0,1.0,0.0,1.0,0.0,1.0,0.0,1.0,0.0,0.0,3.0,0.0,0.0,1.0,0.0,0.0,0.0,1.0,0.0,0.0,1.0,1.0,0.0,0.0
ins_TADA_0110,0,1.0,1.0,1.0,0.0,0.0,2.0,0.0,0.0,1.0,0.0,1.0,1.0,0.0,3.0,1.0,0.0,2.0,0.0,1.0,1.0,2.0,1.0,1.0,0.0,0.0,0.0,2.0,2.0,2.0,1.0,1.0,0.0,1.0,0.0,0.0,0.0,0.0,1.0,0.0,0.0,0.0,0.0,0.0,1.0,0.0,1.0,0.0,0.0,1.0,0.0,0.0,0.0,0.0,2.0,0.0,0.0,0.0,0.0,0.0,0.0
ins_TADA_0052,1,0.0,1.0,2.0,2.0,0.0,2.0,0.0,0.0,1.0,3.0,2.0,1.0,0.0,0.0,1.0,0.0,0.0,2.0,0.0,0.0,1.0,1.0,0.0,0.0,0.0,0.0,0.0,2.0,0.0,0.0,0.0,1.0,2.0,1.0,1.0,0.0,0.0,0.0,0.0,0.0,0.0,1.0,0.0,2.0,0.0,1.0,1.0,1.0,1.0,0.0,0.0,1.0,0.0,1.0,0.0,1.0,1.0,1.0,0.0,0.0
ins_TADA_0026,1,1.0,0.0,4.0,2.0,2.0,1.0,1.0,2.0,1.0,1.0,2.0,3.0,1.0,0.0,0.0,3.0,0.0,1.0,0.0,0.0,0.0,0.0,1.0,0.0,1.0,2.0,1.0,0.0,0.0,0.0,1.0,0.0,2.0,0.0,1.0,1.0,1.0,0.0,0.0,1.0,1.0,1.0,1.0,0.0,1.0,0.0,0.0,0.0,0.0,0.0,2.0,1.0,0.0,0.0,1.0,1.0,1.0,0.0,1.0,1.0
ins_TADB_0043,1,1.0,1.0,1.0,2.0,1.0,2.0,2.0,3.0,1.0,1.0,4.0,2.0,2.0,1.0,0.0,0.0,0.0,0.0,2.0,0.0,0.0,1.0,0.0,2.0,1.0,1.0,0.0,0.0,0.0,0.0,1.0,1.0,0.0,0.0,2.0,1.0,2.0,0.0,0.0,0.0,1.0,1.0,0.0,1.0,1.0,0.0,0.0,0.0,2.0,0.0,0.0,0.0,0.0,2.0,0.0,0.0,0.0,1.0,1.0,1.0
ins_TADA_0024,1,2.0,2.0,2.0,2.0,1.0,0.0,1.0,2.0,3.0,1.0,1.0,1.0,0.0,1.0,0.0,1.0,0.0,1.0,1.0,0.0,1.0,0.0,1.0,0.0,0.0,0.0,1.0,0.0,0.0,0.0,1.0,0.0,1.0,1.0,0.0,1.0,1.0,0.0,0.0,1.0,0.0,2.0,0.0,1.0,0.0,0.0,0.0,0.0,1.0,0.0,0.0,0.0,2.0,0.0,1.0,1.0,0.0,0.0,0.0,0.0
ins_TADA_0094,0,0.0,0.0,1.0,3.0,0.0,2.0,0.0,1.0,0.0,1.0,0.0,1.0,0.0,0.0,0.0,0.0,0.0,1.0,0.0,0.0,0.0,0.0,0.0,0.0,0.0,0.0,2.0,0.0,1.0,0.0,0.0,0.0,1.0,1.0,0.0,2.0,1.0,1.0,0.0,0.0,0.0,1.0,0.0,0.0,1.0,0.0,0.0,0.0,0.0,2.0,0.0,1.0,0.0,0.0,1.0,1.0,0.0,0.0,1.0,1.0
ins_TADA_0074,0,1.0,0.0,3.0,1.0,0.0,0.0,1.0,0.0,0.0,0.0,1.0,1.0,0.0,0.0,0.0,0.0,0.0,0.0,1.0,1.0,0.0,0.0,0.0,0.0,0.0,1.0,1.0,0.0,0.0,0.0,0.0,1.0,0.0,0.0,1.0,0.0,0.0,2.0,0.0,1.0,0.0,1.0,1.0,2.0,1.0,0.0,1.0,1.0,0.0,0.0,2.0,0.0,1.0,1.0,2.0,1.0,3.0,0.0,2.0,0.0
ins_TADA_0100,0,1.0,1.0,1.0,1.0,2.0,0.0,0.0,3.0,0.0,2.0,1.0,0.0,2.0,0.0,0.0,0.0,0.0,0.0,1.0,1.0,0.0,0.0,1.0,0.0,1.0,1.0,0.0,0.0,1.0,2.0,1.0,0.0,0.0,0.0,1.0,0.0,1.0,0.0,0.0,2.0,0.0,1.0,2.0,1.0,2.0,0.0,0.0,0.0,1.0,0.0,0.0,0.0,0.0,0.0,2.0,2.0,1.0,1.0,1.0,0.0
ins_TADB_0049,1,2.0,2.0,4.0,3.0,6.0,2.0,2.0,2.0,3.0,4.0,3.0,2.0,1.0,0.0,0.0,1.0,0.0,1.0,0.0,3.0,0.0,2.0,1.0,0.0,1.0,1.0,0.0,0.0,0.0,0.0,0.0,2.0,0.0,1.0,1.0,0.0,0.0,0.0,2.0,2.0,1.0,0.0,1.0,2.0,0.0,1.0,0.0,0.0,0.0,0.0,1.0,0.0,0.0,1.0,2.0,4.0,1.0,1.0,0.0,1.0
ins_TADB_0021,1,1.0,1.0,2.0,1.0,1.0,3.0,4.0,4.0,3.0,1.0,4.0,4.0,0.0,0.0,1.0,1.0,0.0,1.0,0.0,0.0,0.0,0.0,0.0,0.0,0.0,0.0,2.0,0.0,1.0,1.0,1.0,1.0,1.0,1.0,0.0,0.0,0.0,1.0,0.0,0.0,0.0,0.0,0.0,0.0,0.0,0.0,0.0,0.0,0.0,0.0,0.0,1.0,1.0,1.0,0.0,0.0,0.0,1.0,0.0,0.0
ins_TADA_0070,0,0.0,0.0,0.0,1.0,0.0,1.0,0.0,0.0,0.0,1.0,0.0,0.0,0.0,0.0,2.0,0.0,0.0,0.0,0.0,1.0,0.0,1.0,0.0,0.0,1.0,1.0,1.0,0.0,0.0,1.0,2.0,0.0,1.0,0.0,1.0,1.0,0.0,1.0,1.0,1.0,1.0,0.0,0.0,0.0,1.0,0.0,1.0,1.0,0.0,0.0,0.0,1.0,0.0,0.0,0.0,0.0,0.0,0.0,0.0,1.0
ins_TADB_0003,1,1.0,1.0,0.0,4.0,3.0,7.0,2.0,5.0,4.0,3.0,2.0,2.0,0.0,0.0,1.0,0.0,0.0,1.0,1.0,0.0,3.0,3.0,1.0,0.0,0.0,1.0,0.0,0.0,1.0,0.0,1.0,1.0,0.0,1.0,0.0,0.0,0.0,1.0,0.0,2.0,1.0,0.0,0.0,0.0,1.0,1.0,0.0,0.0,1.0,0.0,2.0,0.0,1.0,1.0,0.0,0.0,1.0,0.0,0.0,0.0
ins_TADA_0118,0,0.0,1.0,1.0,1.0,1.0,0.0,1.0,1.0,0.0,1.0,0.0,1.0,0.0,0.0,0.0,1.0,0.0,0.0,0.0,1.0,0.0,0.0,2.0,4.0,0.0,1.0,0.0,0.0,1.0,0.0,1.0,1.0,0.0,0.0,1.0,1.0,1.0,0.0,0.0,1.0,0.0,1.0,0.0,2.0,1.0,2.0,0.0,1.0,0.0,1.0,0.0,1.0,1.0,0.0,1.0,1.0,1.0,0.0,2.0,0.0
ins_TADA_0030,1,4.0,3.0,3.0,2.0,1.0,2.0,4.0,2.0,3.0,3.0,3.0,1.0,0.0,0.0,1.0,0.0,0.0,1.0,1.0,0.0,0.0,0.0,0.0,1.0,1.0,0.0,0.0,0.0,0.0,1.0,0.0,1.0,0.0,2.0,1.0,0.0,0.0,1.0,1.0,0.0,0.0,0.0,1.0,1.0,1.0,1.0,0.0,0.0,0.0,0.0,2.0,0.0,1.0,0.0,0.0,1.0,0.0,2.0,0.0,1.0
ins_TADA_0116,0,2.0,0.0,1.0,1.0,1.0,0.0,0.0,2.0,0.0,1.0,0.0,0.0,0.0,1.0,0.0,0.0,0.0,1.0,0.0,0.0,1.0,0.0,1.0,1.0,0.0,0.0,0.0,0.0,1.0,0.0,0.0,0.0,0.0,0.0,1.0,1.0,1.0,0.0,2.0,0.0,0.0,2.0,0.0,0.0,0.0,1.0,1.0,0.0,0.0,3.0,0.0,0.0,0.0,1.0,2.0,0.0,0.0,1.0,0.0,1.0
ins_TADB_0047,1,3.0,2.0,1.0,1.0,1.0,2.0,0.0,4.0,5.0,1.0,1.0,1.0,2.0,0.0,0.0,0.0,1.0,1.0,1.0,0.0,0.0,0.0,0.0,0.0,0.0,0.0,2.0,0.0,0.0,0.0,0.0,2.0,2.0,0.0,0.0,0.0,2.0,0.0,0.0,0.0,0.0,0.0,1.0,1.0,2.0,0.0,0.0,1.0,1.0,0.0,1.0,3.0,1.0,0.0,1.0,0.0,0.0,0.0,0.0,0.0
ins_TADA_0090,0,0.0,1.0,1.0,1.0,1.0,3.0,0.0,0.0,0.0,2.0,0.0,0.0,0.0,1.0,1.0,1.0,2.0,1.0,0.0,0.0,0.0,1.0,0.0,0.0,0.0,1.0,0.0,1.0,0.0,0.0,2.0,2.0,0.0,0.0,1.0,0.0,0.0,0.0,0.0,0.0,0.0,1.0,2.0,2.0,0.0,0.0,0.0,0.0,0.0,1.0,0.0,1.0,0.0,1.0,0.0,0.0,1.0,0.0,0.0,1.0
ins_TADA_0008,1,3.0,2.0,1.0,3.0,1.0,1.0,1.0,1.0,0.0,2.0,1.0,3.0,0.0,1.0,1.0,0.0,1.0,1.0,1.0,0.0,1.0,0.0,2.0,1.0,2.0,0.0,0.0,1.0,2.0,0.0,1.0,1.0,0.0,0.0,0.0,1.0,1.0,0.0,0.0,0.0,0.0,1.0,0.0,0.0,2.0,1.0,1.0,0.0,0.0,0.0,0.0,2.0,0.0,0.0,0.0,0.0,0.0,0.0,0.0,0.0
ins_TADA_0060,0,0.0,0.0,0.0,0.0,0.0,0.0,2.0,0.0,0.0,0.0,1.0,0.0,0.0,1.0,0.0,1.0,0.0,0.0,0.0,0.0,0.0,0.0,0.0,0.0,0.0,1.0,3.0,1.0,0.0,3.0,0.0,0.0,0.0,0.0,0.0,3.0,0.0,2.0,0.0,1.0,0.0,0.0,1.0,1.0,0.0,1.0,0.0,0.0,0.0,0.0,0.0,0.0,0.0,0.0,0.0,0.0,0.0,1.0,1.0,0.0
ins_TADA_0000,1,0.0,3.0,2.0,2.0,2.0,1.0,3.0,1.0,0.0,2.0,2.0,2.0,1.0,0.0,0.0,1.0,0.0,0.0,1.0,0.0,0.0,0.0,0.0,1.0,0.0,0.0,1.0,1.0,0.0,0.0,1.0,0.0,1.0,1.0,1.0,0.0,0.0,1.0,2.0,1.0,0.0,0.0,0.0,2.0,0.0,2.0,0.0,1.0,0.0,2.0,3.0,0.0,0.0,1.0,0.0,0.0,1.0,0.0,0.0,0.0
ins_TADB_0109,0,0.0,0.0,0.0,0.0,1.0,0.0,0.0,1.0,2.0,1.0,0.0,0.0,0.0,0.0,2.0,0.0,1.0,0.0,0.0,1.0,0.0,0.0,1.0,0.0,0.0,1.0,1.0,0.0,5.0,0.0,0.0,2.0,3.0,0.0,0.0,2.0,0.0,0.0,0.0,0.0,1.0,0.0,0.0,1.0,0.0,0.0,0.0,0.0,2.0,0.0,1.0,1.0,0.0,1.0,0.0,0.0,0.0,0.0,3.0,0.0
ins_TADB_0057,1,0.0,1.0,0.0,5.0,1.0,4.0,2.0,0.0,1.0,3.0,4.0,2.0,0.0,0.0,0.0,1.0,0.0,0.0,0.0,0.0,0.0,1.0,1.0,1.0,2.0,0.0,0.0,0.0,2.0,0.0,2.0,0.0,0.0,1.0,1.0,1.0,0.0,1.0,1.0,1.0,0.0,0.0,0.0,1.0,0.0,2.0,0.0,1.0,0.0,2.0,2.0,1.0,0.0,0.0,1.0,1.0,1.0,2.0,1.0,0.0
ins_TADA_0022,1,1.0,2.0,0.0,1.0,3.0,0.0,2.0,0.0,4.0,0.0,4.0,2.0,1.0,0.0,0.0,1.0,0.0,0.0,0.0,1.0,0.0,0.0,0.0,1.0,0.0,1.0,1.0,0.0,0.0,1.0,0.0,0.0,0.0,0.0,0.0,1.0,0.0,2.0,1.0,1.0,0.0,0.0,1.0,1.0,0.0,0.0,0.0,1.0,0.0,1.0,0.0,0.0,0.0,0.0,0.0,0.0,2.0,0.0,2.0,0.0
ins_TADB_0061,0,2.0,0.0,0.0,0.0,0.0,1.0,1.0,0.0,1.0,0.0,2.0,1.0,1.0,2.0,1.0,1.0,1.0,0.0,0.0,0.0,0.0,0.0,1.0,1.0,0.0,1.0,0.0,0.0,2.0,0.0,1.0,1.0,0.0,1.0,1.0,1.0,0.0,0.0,3.0,1.0,0.0,0.0,0.0,0.0,0.0,0.0,1.0,0.0,0.0,0.0,0.0,1.0,0.0,1.0,0.0,1.0,0.0,1.0,1.0,0.0
ins_TADB_0063,0,0.0,0.0,0.0,3.0,1.0,1.0,1.0,0.0,0.0,0.0,0.0,2.0,0.0,0.0,0.0,1.0,1.0,0.0,1.0,1.0,0.0,2.0,0.0,0.0,0.0,1.0,0.0,0.0,0.0,1.0,0.0,1.0,0.0,0.0,0.0,0.0,0.0,0.0,1.0,1.0,0.0,0.0,0.0,0.0,0.0,1.0,0.0,1.0,0.0,0.0,0.0,0.0,0.0,0.0,0.0,1.0,1.0,0.0,0.0,1.0
ins_TADB_0007,1,1.0,5.0,1.0,2.0,2.0,2.0,4.0,3.0,3.0,4.0,2.0,2.0,2.0,1.0,2.0,0.0,0.0,0.0,1.0,0.0,1.0,0.0,0.0,0.0,0.0,1.0,0.0,0.0,1.0,0.0,0.0,1.0,0.0,1.0,0.0,0.0,0.0,0.0,2.0,0.0,1.0,0.0,0.0,0.0,0.0,1.0,0.0,1.0,0.0,0.0,0.0,1.0,1.0,0.0,0.0,1.0,0.0,0.0,0.0,1.0
ins_TADB_0115,0,0.0,0.0,0.0,0.0,1.0,0.0,0.0,0.0,0.0,1.0,0.0,2.0,0.0,0.0,0.0,0.0,0.0,1.0,1.0,0.0,0.0,0.0,0.0,1.0,1.0,0.0,0.0,1.0,1.0,0.0,1.0,0.0,1.0,0.0,0.0,0.0,0.0,1.0,0.0,0.0,3.0,1.0,3.0,0.0,0.0,0.0,2.0,0.0,0.0,1.0,0.0,0.0,0.0,1.0,0.0,1.0,0.0,1.0,1.0,0.0
ins_TADB_0013,1,3.0,0.0,4.0,2.0,1.0,1.0,1.0,1.0,5.0,0.0,1.0,2.0,1.0,0.0,0.0,2.0,1.0,0.0,1.0,0.0,0.0,0.0,0.0,0.0,0.0,1.0,1.0,0.0,0.0,0.0,0.0,0.0,0.0,0.0,0.0,0.0,0.0,0.0,0.0,0.0,0.0,1.0,0.0,1.0,0.0,2.0,0.0,0.0,0.0,0.0,0.0,1.0,0.0,1.0,0.0,0.0,0.0,0.0,0.0,0.0
ins_TADA_0086,0,1.0,0.0,1.0,1.0,0.0,0.0,0.0,0.0,0.0,0.0,0.0,1.0,1.0,0.0,0.0,1.0,0.0,0.0,1.0,0.0,3.0,1.0,0.0,3.0,1.0,2.0,0.0,1.0,0.0,0.0,1.0,1.0,1.0,1.0,0.0,1.0,0.0,0.0,1.0,2.0,0.0,1.0,0.0,0.0,0.0,0.0,1.0,1.0,0.0,1.0,1.0,0.0,1.0,0.0,2.0,0.0,0.0,0.0,3.0,0.0
ins_TADB_0093,0,0.0,0.0,1.0,0.0,0.0,1.0,0.0,0.0,1.0,0.0,1.0,0.0,1.0,0.0,0.0,0.0,1.0,0.0,1.0,0.0,0.0,0.0,1.0,0.0,0.0,0.0,1.0,1.0,1.0,0.0,1.0,0.0,1.0,0.0,0.0,0.0,1.0,0.0,0.0,0.0,1.0,2.0,0.0,0.0,1.0,1.0,1.0,0.0,1.0,0.0,0.0,0.0,0.0,0.0,0.0,0.0,0.0,1.0,0.0,1.0
ins_TADB_0087,0,0.0,0.0,0.0,0.0,1.0,0.0,0.0,1.0,3.0,0.0,0.0,0.0,1.0,0.0,1.0,0.0,0.0,0.0,1.0,1.0,0.0,1.0,0.0,0.0,1.0,0.0,1.0,0.0,1.0,1.0,0.0,0.0,1.0,0.0,1.0,0.0,0.0,1.0,0.0,0.0,0.0,3.0,0.0,0.0,1.0,0.0,1.0,0.0,1.0,2.0,1.0,0.0,1.0,0.0,0.0,1.0,0.0,1.0,2.0,1.0
ins_TADA_0068,0,1.0,0.0,0.0,0.0,0.0,2.0,0.0,0.0,0.0,0.0,0.0,2.0,0.0,1.0,0.0,1.0,1.0,0.0,2.0,0.0,1.0,1.0,0.0,0.0,0.0,1.0,0.0,2.0,0.0,0.0,1.0,0.0,2.0,2.0,2.0,1.0,0.0,1.0,0.0,2.0,1.0,0.0,0.0,0.0,0.0,0.0,1.0,0.0,0.0,1.0,0.0,1.0,1.0,0.0,0.0,0.0,1.0,2.0,2.0,0.0
ins_TADA_0104,0,1.0,0.0,0.0,0.0,0.0,1.0,0.0,0.0,0.0,1.0,0.0,0.0,0.0,1.0,1.0,2.0,2.0,0.0,1.0,0.0,1.0,0.0,0.0,0.0,0.0,2.0,1.0,0.0,0.0,0.0,0.0,0.0,0.0,0.0,1.0,1.0,0.0,1.0,1.0,1.0,0.0,0.0,0.0,0.0,0.0,0.0,1.0,0.0,0.0,0.0,0.0,0.0,2.0,1.0,0.0,0.0,0.0,0.0,0.0,0.0
ins_TADA_0014,1,1.0,1.0,0.0,3.0,2.0,3.0,4.0,2.0,6.0,3.0,1.0,2.0,1.0,1.0,0.0,1.0,0.0,0.0,2.0,1.0,0.0,0.0,2.0,1.0,2.0,2.0,1.0,0.0,0.0,1.0,1.0,0.0,1.0,3.0,3.0,0.0,0.0,0.0,2.0,2.0,1.0,0.0,0.0,1.0,0.0,2.0,1.0,1.0,0.0,1.0,0.0,0.0,0.0,0.0,0.0,1.0,0.0,0.0,1.0,1.0
ins_TADB_0029,1,1.0,0.0,1.0,1.0,0.0,1.0,3.0,1.0,0.0,0.0,3.0,4.0,0.0,0.0,0.0,0.0,0.0,0.0,0.0,0.0,0.0,0.0,1.0,0.0,0.0,0.0,1.0,1.0,0.0,1.0,1.0,1.0,1.0,0.0,1.0,0.0,1.0,0.0,0.0,1.0,0.0,0.0,1.0,0.0,1.0,1.0,1.0,0.0,1.0,0.0,1.0,0.0,1.0,0.0,1.0,1.0,0.0,0.0,0.0,1.0
ins_TADA_0028,1,0.0,0.0,3.0,1.0,3.0,2.0,5.0,0.0,1.0,2.0,1.0,3.0,1.0,0.0,2.0,0.0,1.0,0.0,3.0,0.0,1.0,0.0,0.0,0.0,1.0,2.0,1.0,1.0,2.0,1.0,2.0,3.0,1.0,0.0,0.0,0.0,1.0,0.0,0.0,0.0,0.0,0.0,1.0,1.0,0.0,0.0,2.0,0.0,0.0,1.0,1.0,1.0,0.0,1.0,1.0,1.0,0.0,0.0,1.0,0.0
ins_TADB_0011,1,1.0,0.0,0.0,2.0,4.0,1.0,3.0,2.0,3.0,3.0,4.0,4.0,0.0,0.0,0.0,1.0,0.0,0.0,1.0,1.0,0.0,0.0,1.0,2.0,1.0,0.0,0.0,2.0,0.0,1.0,2.0,0.0,0.0,1.0,0.0,0.0,0.0,0.0,0.0,0.0,0.0,1.0,1.0,0.0,0.0,2.0,1.0,1.0,3.0,0.0,1.0,0.0,1.0,0.0,0.0,0.0,1.0,1.0,1.0,0.0
ins_TADA_0084,0,1.0,0.0,1.0,1.0,0.0,1.0,0.0,1.0,0.0,0.0,0.0,1.0,1.0,0.0,0.0,0.0,0.0,1.0,0.0,0.0,1.0,0.0,0.0,0.0,1.0,0.0,1.0,0.0,1.0,2.0,2.0,0.0,0.0,3.0,0.0,0.0,0.0,1.0,1.0,0.0,0.0,1.0,1.0,1.0,2.0,1.0,0.0,0.0,1.0,1.0,0.0,1.0,0.0,0.0,1.0,0.0,1.0,0.0,1.0,1.0
ins_TADA_0018,1,2.0,2.0,3.0,3.0,2.0,2.0,1.0,3.0,1.0,1.0,3.0,0.0,0.0,1.0,1.0,2.0,0.0,1.0,0.0,0.0,0.0,2.0,1.0,1.0,1.0,0.0,0.0,0.0,1.0,0.0,1.0,2.0,0.0,0.0,0.0,0.0,0.0,0.0,0.0,1.0,1.0,1.0,0.0,1.0,0.0,0.0,0.0,0.0,0.0,0.0,0.0,0.0,0.0,0.0,0.0,1.0,0.0,1.0,1.0,0.0
ins_TADB_0101,0,0.0,0.0,2.0,1.0,1.0,0.0,0.0,0.0,1.0,0.0,0.0,1.0,0.0,0.0,0.0,0.0,1.0,0.0,2.0,1.0,1.0,0.0,0.0,1.0,1.0,0.0,1.0,1.0,0.0,0.0,0.0,0.0,1.0,0.0,0.0,1.0,0.0,0.0,0.0,3.0,0.0,0.0,0.0,1.0,1.0,0.0,2.0,0.0,0.0,0.0,0.0,0.0,0.0,0.0,1.0,0.0,1.0,0.0,1.0,1.0
ins_TADA_0020,1,0.0,5.0,0.0,3.0,1.0,5.0,2.0,3.0,2.0,2.0,2.0,3.0,0.0,0.0,0.0,1.0,1.0,1.0,0.0,0.0,0.0,0.0,0.0,2.0,2.0,0.0,0.0,2.0,0.0,0.0,0.0,1.0,0.0,0.0,0.0,1.0,0.0,0.0,1.0,1.0,0.0,0.0,1.0,0.0,1.0,0.0,0.0,0.0,1.0,0.0,0.0,0.0,2.0,0.0,1.0,1.0,0.0,0.0,0.0,0.0
ins_TADA_0050,1,3.0,2.0,5.0,2.0,1.0,4.0,3.0,2.0,4.0,3.0,3.0,1.0,1.0,1.0,0.0,1.0,0.0,2.0,0.0,0.0,2.0,0.0,0.0,2.0,0.0,0.0,0.0,1.0,0.0,0.0,0.0,1.0,2.0,1.0,0.0,1.0,1.0,0.0,1.0,1.0,0.0,0.0,0.0,1.0,2.0,0.0,0.0,0.0,0.0,0.0,0.0,0.0,1.0,1.0,0.0,0.0,0.0,0.0,0.0,0.0
ins_TADB_0025,1,2.0,1.0,1.0,1.0,4.0,2.0,0.0,1.0,2.0,1.0,1.0,1.0,1.0,1.0,0.0,0.0,0.0,0.0,0.0,0.0,0.0,0.0,0.0,2.0,1.0,1.0,1.0,2.0,0.0,0.0,3.0,0.0,0.0,1.0,0.0,1.0,1.0,0.0,0.0,2.0,1.0,2.0,0.0,2.0,0.0,0.0,0.0,0.0,0.0,2.0,0.0,1.0,1.0,0.0,0.0,1.0,0.0,1.0,1.0,0.0
ins_TADA_0006,1,2.0,3.0,0.0,3.0,3.0,1.0,1.0,1.0,2.0,2.0,2.0,0.0,0.0,0.0,0.0,0.0,1.0,1.0,0.0,0.0,1.0,0.0,1.0,0.0,1.0,0.0,0.0,2.0,0.0,0.0,0.0,0.0,1.0,0.0,1.0,1.0,1.0,1.0,0.0,0.0,1.0,0.0,0.0,1.0,1.0,3.0,1.0,0.0,1.0,0.0,0.0,2.0,0.0,0.0,1.0,1.0,1.0,1.0,0.0,1.0
ins_TADB_0071,0,1.0,0.0,0.0,0.0,0.0,0.0,0.0,0.0,1.0,0.0,1.0,0.0,1.0,0.0,1.0,1.0,0.0,1.0,1.0,0.0,0.0,0.0,0.0,0.0,0.0,0.0,1.0,1.0,0.0,0.0,0.0,0.0,1.0,1.0,0.0,0.0,2.0,1.0,0.0,0.0,0.0,1.0,0.0,1.0,2.0,0.0,0.0,0.0,0.0,1.0,0.0,0.0,1.0,1.0,0.0,0.0,1.0,0.0,1.0,0.0
ins_TADA_0076,0,0.0,0.0,0.0,0.0,0.0,0.0,0.0,0.0,1.0,0.0,0.0,0.0,0.0,2.0,0.0,0.0,0.0,1.0,1.0,1.0,1.0,0.0,2.0,0.0,0.0,0.0,0.0,0.0,1.0,0.0,0.0,1.0,0.0,0.0,0.0,2.0,0.0,0.0,1.0,0.0,0.0,0.0,0.0,0.0,2.0,2.0,4.0,1.0,2.0,0.0,0.0,0.0,1.0,1.0,0.0,1.0,0.0,0.0,1.0,0.0
ins_TADB_0001,1,1.0,3.0,1.0,4.0,8.0,1.0,4.0,1.0,2.0,3.0,2.0,3.0,1.0,0.0,0.0,1.0,0.0,1.0,3.0,0.0,0.0,1.0,0.0,0.0,1.0,1.0,0.0,1.0,0.0,0.0,1.0,1.0,2.0,1.0,1.0,0.0,1.0,0.0,2.0,0.0,1.0,1.0,1.0,1.0,0.0,0.0,0.0,0.0,0.0,0.0,2.0,1.0,2.0,2.0,2.0,1.0,0.0,1.0,0.0,0.0
ins_TADA_0016,1,4.0,2.0,3.0,5.0,1.0,3.0,2.0,3.0,1.0,2.0,1.0,3.0,2.0,2.0,0.0,0.0,0.0,0.0,0.0,0.0,0.0,0.0,1.0,0.0,1.0,1.0,0.0,0.0,2.0,2.0,0.0,2.0,0.0,1.0,0.0,1.0,1.0,3.0,0.0,1.0,0.0,0.0,0.0,1.0,0.0,0.0,0.0,0.0,1.0,0.0,0.0,0.0,0.0,0.0,0.0,2.0,0.0,0.0,0.0,0.0
ins_TADA_0064,0,0.0,0.0,1.0,0.0,0.0,0.0,0.0,0.0,1.0,0.0,0.0,0.0,1.0,0.0,1.0,0.0,1.0,0.0,1.0,0.0,1.0,0.0,2.0,0.0,0.0,0.0,2.0,0.0,0.0,0.0,1.0,2.0,0.0,0.0,0.0,1.0,0.0,0.0,1.0,1.0,0.0,0.0,1.0,0.0,0.0,0.0,1.0,0.0,0.0,1.0,0.0,1.0,2.0,0.0,0.0,0.0,0.0,1.0,1.0,1.0
ins_TADB_0079,0,1.0,1.0,1.0,0.0,1.0,1.0,2.0,2.0,0.0,1.0,1.0,1.0,0.0,1.0,2.0,0.0,0.0,0.0,0.0,2.0,1.0,0.0,1.0,0.0,0.0,1.0,0.0,0.0,0.0,0.0,0.0,0.0,0.0,0.0,0.0,0.0,0.0,0.0,0.0,0.0,0.0,2.0,0.0,2.0,2.0,1.0,0.0,0.0,0.0,0.0,0.0,0.0,0.0,2.0,0.0,0.0,0.0,0.0,2.0,2.0
ins_TADB_0005,1,2.0,2.0,2.0,3.0,2.0,2.0,3.0,3.0,2.0,2.0,1.0,3.0,1.0,0.0,1.0,1.0,0.0,1.0,0.0,0.0,0.0,0.0,1.0,1.0,1.0,1.0,1.0,0.0,1.0,1.0,0.0,0.0,1.0,0.0,0.0,0.0,0.0,0.0,1.0,1.0,0.0,1.0,0.0,0.0,1.0,0.0,1.0,2.0,1.0,0.0,0.0,1.0,0.0,0.0,1.0,0.0,1.0,1.0,1.0,0.0
ins_TADB_0075,0,1.0,0.0,0.0,0.0,0.0,0.0,1.0,2.0,0.0,0.0,0.0,0.0,0.0,1.0,0.0,0.0,0.0,0.0,1.0,1.0,0.0,1.0,1.0,2.0,0.0,0.0,0.0,0.0,0.0,0.0,0.0,1.0,0.0,1.0,0.0,0.0,0.0,1.0,0.0,2.0,1.0,0.0,0.0,0.0,2.0,0.0,0.0,0.0,1.0,0.0,1.0,1.0,0.0,0.0,1.0,0.0,0.0,1.0,1.0,0.0
ins_TADB_0009,1,2.0,1.0,4.0,1.0,3.0,2.0,3.0,3.0,2.0,3.0,1.0,3.0,1.0,0.0,0.0,1.0,0.0,0.0,1.0,1.0,1.0,0.0,1.0,0.0,1.0,1.0,1.0,0.0,1.0,1.0,1.0,0.0,0.0,1.0,0.0,2.0,0.0,3.0,0.0,1.0,0.0,1.0,1.0,0.0,0.0,0.0,1.0,0.0,0.0,0.0,0.0,1.0,0.0,0.0,1.0,0.0,0.0,0.0,0.0,0.0
ins_TADA_0072,0,2.0,0.0,0.0,0.0,0.0,1.0,0.0,1.0,0.0,1.0,0.0,0.0,0.0,1.0,1.0,1.0,0.0,1.0,1.0,0.0,2.0,0.0,0.0,0.0,0.0,0.0,0.0,2.0,0.0,0.0,0.0,0.0,0.0,0.0,0.0,0.0,0.0,0.0,0.0,0.0,0.0,0.0,1.0,0.0,0.0,1.0,0.0,0.0,0.0,1.0,2.0,0.0,0.0,0.0,1.0,0.0,0.0,0.0,0.0,1.0
ins_TADA_0012,1,1.0,2.0,3.0,0.0,2.0,2.0,0.0,1.0,1.0,2.0,4.0,3.0,0.0,0.0,0.0,0.0,1.0,1.0,0.0,0.0,0.0,1.0,0.0,0.0,1.0,1.0,0.0,1.0,1.0,0.0,0.0,0.0,2.0,0.0,0.0,0.0,0.0,0.0,1.0,0.0,0.0,0.0,1.0,0.0,0.0,0.0,1.0,0.0,0.0,1.0,2.0,0.0,0.0,1.0,1.0,1.0,0.0,1.0,1.0,1.0
ins_TADB_0107,0,0.0,1.0,0.0,0.0,0.0,0.0,0.0,1.0,0.0,0.0,0.0,1.0,0.0,0.0,0.0,0.0,1.0,0.0,1.0,1.0,0.0,0.0,0.0,0.0,0.0,1.0,1.0,2.0,1.0,0.0,2.0,3.0,1.0,1.0,0.0,0.0,1.0,0.0,1.0,1.0,0.0,0.0,1.0,0.0,0.0,0.0,0.0,1.0,1.0,2.0,1.0,0.0,1.0,0.0,1.0,0.0,0.0,1.0,1.0,0.0
ins_TADB_0037,1,2.0,3.0,0.0,3.0,1.0,2.0,1.0,4.0,2.0,3.0,6.0,3.0,0.0,0.0,0.0,0.0,1.0,1.0,0.0,1.0,1.0,2.0,0.0,2.0,0.0,2.0,2.0,0.0,1.0,0.0,0.0,1.0,0.0,1.0,0.0,0.0,0.0,0.0,1.0,0.0,0.0,0.0,0.0,1.0,0.0,0.0,0.0,0.0,1.0,0.0,1.0,2.0,2.0,0.0,0.0,0.0,0.0,2.0,0.0,1.0
