Motif_pair_wOr,Freq_work_TADA,Freq_work_TADB,N_work_TADA,N_work_TADB,Freq_genome_Or,N_genome_Or,N_genome_anyOr
tandemplus_MOTIF07_AND_MOTIF10,0.5609756097560976,0.7105263157894737,23,27,0.30051309934613085,45,32
convergent_MOTIF03_AND_MOTIF03,0.78125,0.7647058823529411,25,26,0.30246472788569906,23,41
convergent_MOTIF00_AND_MOTIF00,0.5853658536585366,0.6756756756756757,24,25,0.5084044855694794,36,75
tandemminus_MOTIF07_AND_MOTIF09,0.5813953488372093,0.6666666666666666,25,30,0.33436949298362656,48,34
tandemminus_MOTIF06_AND_MOTIF07,0.7647058823529411,0.717948717948718,26,28,0.5534563416802953,10,21
tandemplus_MOTIF07_AND_MOTIF08,0.6190476190476191,0.7435897435897436,26,29,0.4288864702690808,25,11
divergent_MOTIF06_AND_MOTIF11,0.7714285714285715,0.78125,27,25,0.47674625969462264,42,67
convergent_MOTIF08_AND_MOTIF09,0.7352941176470589,0.6511627906976745,25,28,0.4931176355277066,35,49
tandemplus_MOTIF04_AND_MOTIF10,0.84375,0.7073170731707317,27,29,0.3346181886972716,44,71
tandemplus_MOTIF00_AND_MOTIF09,0.6842105263157895,0.75,26,27,0.3717810465151471,27,20
convergent_MOTIF02_AND_MOTIF10,0.7714285714285715,0.7073170731707317,27,29,0.31807920830178293,45,10
tandemplus_MOTIF00_AND_MOTIF10,0.6585365853658537,0.6590909090909091,27,29,0.5900694314558659,14,32
divergent_MOTIF00_AND_MOTIF03,0.5454545454545454,0.4827586206896552,12,14,0.5787218220989057,40,41
convergent_MOTIF04_AND_MOTIF05,0.52,0.42105263157894735,13,8,0.4899525094398748,11,59
convergent_MOTIF00_AND_MOTIF01,0.42105263157894735,0.29411764705882354,8,5,0.3111557807561697,23,64
tandemplus_MOTIF06_AND_MOTIF08,0.5384615384615384,0.5454545454545454,14,12,0.33073721692162467,37,15
tandemminus_MOTIF03_AND_MOTIF07,0.4444444444444444,0.43478260869565216,8,10,0.4546813464787492,38,26
tandemminus_MOTIF04_AND_MOTIF05,0.48148148148148145,0.5454545454545454,13,12,0.3662647484163749,25,66
divergent_MOTIF09_AND_MOTIF11,0.44,0.5161290322580645,11,16,0.3395950386782043,14,32
tandemplus_MOTIF08_AND_MOTIF11,0.43478260869565216,0.3793103448275862,10,11,0.5314711061381154,29,43
tandemplus_MOTIF08_AND_MOTIF10,0.391304347826087,0.45,9,9,0.43191672801043623,26,76
convergent_MOTIF04_AND_MOTIF10,0.5294117647058824,0.5714285714285714,9,16,0.4273897570281755,18,59
tandemminus_MOTIF06_AND_MOTIF08,0.5238095238095238,0.5217391304347826,11,12,0.5250618541350368,13,31
divergent_MOTIF04_AND_MOTIF06,0.6086956521739131,0.5555555555555556,14,15,0.5944782049022075,29,57
tandemplus_MOTIF05_AND_MOTIF05,0.5555555555555556,0.5384615384615384,15,14,0.4507807732511794,22,55
tandemminus_MOTIF00_AND_MOTIF10,0.38461538461538464,0.5172413793103449,10,15,0.45979543739192474,42,76
tandemplus_MOTIF04_AND_MOTIF06,0.5185185185185185,0.5172413793103449,14,15,0.36084659776945743,32,58
divergent_MOTIF03_AND_MOTIF06,0.43333333333333335,0.36363636363636365,13,8,0.31797807970508335,47,57
divergent_MOTIF04_AND_MOTIF09,0.41379310344827586,0.5238095238095238,12,11,0.5393927359249052,35,39
divergent_MOTIF03_AND_MOTIF10,0.5714285714285714,0.45454545454545453,12,10,0.4036640039219681,43,73
tandemplus_MOTIF02_AND_MOTIF08,0.42857142857142855,0.6153846153846154,12,16,0.33488215168898805,39,63
divergent_MOTIF00_AND_MOTIF01,0.5263157894736842,0.5357142857142857,10,15,0.44154777627556496,29,53
tandemminus_MOTIF04_AND_MOTIF09,0.5652173913043478,0.41935483870967744,13,13,0.5389371597851866,38,12
tandemminus_MOTIF02_AND_MOTIF03,0.6,0.6,12,18,0.5223390204375525,27,17
convergent_MOTIF00_AND_MOTIF10,0.45,0.5555555555555556,9,10,0.5921725484850331,24,67
tandemplus_MOTIF04_AND_MOTIF08,0.5,0.4117647058823529,14,7,0.3776810212959124,39,64
divergent_MOTIF01_AND_MOTIF10,0.6,0.5652173913043478,15,13,0.42448221370632333,43,66
tandemplus_MOTIF09_AND_MOTIF10,0.48,0.375,12,9,0.3853808460431948,15,28
convergent_MOTIF02_AND_MOTIF09,0.5172413793103449,0.5384615384615384,15,14,0.5780562307588171,37,15
tandemminus_MOTIF04_AND_MOTIF06,0.5172413793103449,0.4838709677419355,15,15,0.4482426707444397,21,22
convergent_MOTIF02_AND_MOTIF11,0.6,0.5,12,10,0.562750863376017,40,62
tandemplus_MOTIF03_AND_MOTIF10,0.4166666666666667,0.5185185185185185,10,14,0.5940454685395877,49,62
tandemminus_MOTIF02_AND_MOTIF10,0.45454545454545453,0.5,10,11,0.4239168102874332,34,52
divergent_MOTIF00_AND_MOTIF11,0.5161290322580645,0.56,16,14,0.5124272140177147,30,68
tandemplus_MOTIF01_AND_MOTIF07,0.52,0.5384615384615384,13,14,0.5204719705326086,14,15
divergent_MOTIF04_AND_MOTIF05,0.48148148148148145,0.5416666666666666,13,13,0.5059600905083584,29,60
divergent_MOTIF02_AND_MOTIF11,0.48,0.43478260869565216,12,10,0.5593653564527477,29,27
tandemminus_MOTIF00_AND_MOTIF05,0.4117647058823529,0.4375,7,7,0.5933298851223716,37,41
tandemminus_MOTIF04_AND_MOTIF07,0.6,0.5454545454545454,15,12,0.3529171244403546,18,54
convergent_MOTIF07_AND_MOTIF11,0.43478260869565216,0.4117647058823529,10,7,0.5375475274171224,30,73
tandemminus_MOTIF05_AND_MOTIF10,0.631578947368421,0.5,12,8,0.3811083356951496,10,53
tandemminus_MOTIF02_AND_MOTIF06,0.4782608695652174,0.6153846153846154,11,16,0.40795975036507887,33,38
divergent_MOTIF00_AND_MOTIF04,0.42105263157894735,0.625,8,15,0.523019682077111,40,75
tandemplus_MOTIF08_AND_MOTIF08,0.47058823529411764,0.6071428571428571,8,17,0.3205836310915327,29,63
convergent_MOTIF11_AND_MOTIF11,0.5161290322580645,0.5416666666666666,16,13,0.33786724873325025,16,41
tandemplus_MOTIF01_AND_MOTIF01,0.68,0.5789473684210527,17,11,0.5503698442528318,36,51
tandemplus_MOTIF11_AND_MOTIF11,0.47619047619047616,0.52,10,13,0.5633283858515177,33,34
convergent_MOTIF10_AND_MOTIF11,0.56,0.4666666666666667,14,14,0.32969009982163133,24,45
convergent_MOTIF01_AND_MOTIF10,0.5185185185185185,0.391304347826087,14,9,0.49842486416635723,23,57
tandemminus_MOTIF09_AND_MOTIF11,0.4444444444444444,0.44,8,11,0.5029201396518932,41,23
